<?xml version="1.0" encoding="UTF-8"?>
<project-private xmlns="http://www.netbeans.org/ns/project-private/1">
    <editor-bookmarks xmlns="http://www.netbeans.org/ns/editor-bookmarks/2" lastBookmarkId="0"/>
    <open-files xmlns="http://www.netbeans.org/ns/projectui-open-files/2">
        <group>
            <file>file:/C:/Users/Vicktor/Documents/NetBeansProjects/Client/src/Log/ServerLog.java</file>
            <file>file:/C:/Users/Vicktor/Documents/NetBeansProjects/Client/src/Responses/GrupoResponse.java</file>
            <file>file:/C:/Users/Vicktor/Documents/NetBeansProjects/Client/src/Threads/Thread_Receiver.java</file>
            <file>file:/C:/Users/Vicktor/Documents/NetBeansProjects/Client/src/Threads/Thread_Transmitter.java</file>
            <file>file:/C:/Users/Vicktor/Documents/NetBeansProjects/Client/src/GUI_Funcion/Funcion_Conversacion.java</file>
            <file>file:/C:/Users/Vicktor/Documents/NetBeansProjects/Client/src/Models/Usuario.java</file>
            <file>file:/C:/Users/Vicktor/Documents/NetBeansProjects/Client/src/Exceptions/JsonParserException.java</file>
            <file>file:/C:/Users/Vicktor/Documents/NetBeansProjects/Client/src/GUI/JFrame_Ingreso.java</file>
            <file>file:/C:/Users/Vicktor/Documents/NetBeansProjects/Client/src/Responses/UsuariosResponse.java</file>
            <file>file:/C:/Users/Vicktor/Documents/NetBeansProjects/Client/src/GUI/JComponent_Usuario.java</file>
            <file>file:/C:/Users/Vicktor/Documents/NetBeansProjects/Client/src/GUI/JFrame_Conversacion.java</file>
            <file>file:/C:/Users/Vicktor/Documents/NetBeansProjects/Client/src/GUI/JFrame_AgregarFavorito.java</file>
            <file>file:/C:/Users/Vicktor/Documents/NetBeansProjects/Client/src/Requests/GruposUsuarioRequest.java</file>
            <file>file:/C:/Users/Vicktor/Documents/NetBeansProjects/Client/src/Models/Grupo.java</file>
            <file>file:/C:/Users/Vicktor/Documents/NetBeansProjects/Client/src/GUI_Funcion/Funcion_AgregarFavorito.java</file>
            <file>file:/C:/Users/Vicktor/Documents/NetBeansProjects/Client/src/GUI/JFrame_RegistroGrupo.java</file>
            <file>file:/C:/Users/Vicktor/Documents/NetBeansProjects/Client/src/Delegates/MouseLeave.java</file>
            <file>file:/C:/Users/Vicktor/Documents/NetBeansProjects/Client/src/PaquetesEvents/UpdateGruposEvent.java</file>
            <file>file:/C:/Users/Vicktor/Documents/NetBeansProjects/Client/src/GUI/JFrame_Registro.java</file>
            <file>file:/C:/Users/Vicktor/Documents/NetBeansProjects/Client/src/Requests/MensajeRequest.java</file>
            <file>file:/C:/Users/Vicktor/Documents/NetBeansProjects/Client/src/Models/Amigo.java</file>
            <file>file:/C:/Users/Vicktor/Documents/NetBeansProjects/Client/src/General/DialogConfirm.java</file>
            <file>file:/C:/Users/Vicktor/Documents/NetBeansProjects/Client/src/GUI/JFrame_Principal.java</file>
            <file>file:/C:/Users/Vicktor/Documents/NetBeansProjects/Client/src/GUI_Funcion/Funcion_RegistroGrupo.java</file>
            <file>file:/C:/Users/Vicktor/Documents/NetBeansProjects/Client/src/PaquetesModels/Param.java</file>
            <file>file:/C:/Users/Vicktor/Documents/NetBeansProjects/Client/src/Exceptions/BadRequestException.java</file>
            <file>file:/C:/Users/Vicktor/Documents/NetBeansProjects/Client/src/Delegates/UpdateGroup.java</file>
            <file>file:/C:/Users/Vicktor/Documents/NetBeansProjects/Client/src/Requests/LogoutRequest.java</file>
            <file>file:/C:/Users/Vicktor/Documents/NetBeansProjects/Client/src/Models/UsuarioGrupo.java</file>
            <file>file:/C:/Users/Vicktor/Documents/NetBeansProjects/Client/src/ModelsSerializables/MensajeSerializable.java</file>
            <file>file:/C:/Users/Vicktor/Documents/NetBeansProjects/Client/src/Requests/ReplyGrupoRequest.java</file>
            <file>file:/C:/Users/Vicktor/Documents/NetBeansProjects/Client/src/Requests/RegistroRequest.java</file>
            <file>file:/C:/Users/Vicktor/Documents/NetBeansProjects/Client/src/Responses/GruposUsuarioResponse.java</file>
            <file>file:/C:/Users/Vicktor/Documents/NetBeansProjects/Client/src/Requests/AmigoRequest.java</file>
            <file>file:/C:/Users/Vicktor/Documents/NetBeansProjects/Client/src/Delegates/Update.java</file>
            <file>file:/C:/Users/Vicktor/Documents/NetBeansProjects/Client/src/Responses/GenericResponse.java</file>
            <file>file:/C:/Users/Vicktor/Documents/NetBeansProjects/Client/src/Delegates/MouseClick.java</file>
            <file>file:/C:/Users/Vicktor/Documents/NetBeansProjects/Client/src/PaquetesEvents/UpdateGrupoEvent.java</file>
            <file>file:/C:/Users/Vicktor/Documents/NetBeansProjects/Client/src/Responses/LoginResponse.java</file>
            <file>file:/C:/Users/Vicktor/Documents/NetBeansProjects/Client/src/Delegates/MouseEnter.java</file>
            <file>file:/C:/Users/Vicktor/Documents/NetBeansProjects/Client/src/GUI_Funcion/Funcion_Ingreso.java</file>
            <file>file:/C:/Users/Vicktor/Documents/NetBeansProjects/Client/src/Json/JsonParser.java</file>
            <file>file:/C:/Users/Vicktor/Documents/NetBeansProjects/Client/src/Models/MensajeVisto.java</file>
            <file>file:/C:/Users/Vicktor/Documents/NetBeansProjects/Client/src/PaquetesModels/Paquete.java</file>
            <file>file:/C:/Users/Vicktor/Documents/NetBeansProjects/Client/src/Exceptions/PaqueteException.java</file>
            <file>file:/C:/Users/Vicktor/Documents/NetBeansProjects/Client/src/Requests/CreateGrupoRequest.java</file>
            <file>file:/C:/Users/Vicktor/Documents/NetBeansProjects/Client/src/Delegates/Close.java</file>
            <file>file:/C:/Users/Vicktor/Documents/NetBeansProjects/Client/src/Delegates/ReceiverAction.java</file>
            <file>file:/C:/Users/Vicktor/Documents/NetBeansProjects/Client/src/GUI_Funcion/Funcion_Registro.java</file>
            <file>file:/C:/Users/Vicktor/Documents/NetBeansProjects/Client/src/GUI/JFrame_AgregarUsuarios.java</file>
            <file>file:/C:/Users/Vicktor/Documents/NetBeansProjects/Client/src/Documents/DocumentManager.java</file>
            <file>file:/C:/Users/Vicktor/Documents/NetBeansProjects/Client/src/Requests/LoginRequest.java</file>
            <file>file:/C:/Users/Vicktor/Documents/NetBeansProjects/Client/src/chat/client/ChatClient.java</file>
            <file>file:/C:/Users/Vicktor/Documents/NetBeansProjects/Client/src/General/MessageBox.java</file>
            <file>file:/C:/Users/Vicktor/Documents/NetBeansProjects/Client/src/GUI_Funcion/Funcion_AgregarUsuarios.java</file>
            <file>file:/C:/Users/Vicktor/Documents/NetBeansProjects/Client/src/Models/Mensaje.java</file>
            <file>file:/C:/Users/Vicktor/Documents/NetBeansProjects/Client/src/Requests/UsuariosRequest.java</file>
            <file>file:/C:/Users/Vicktor/Documents/NetBeansProjects/Client/src/GUI_Utilities/TextPrompt.java</file>
            <file>file:/C:/Users/Vicktor/Documents/NetBeansProjects/Client/src/PaquetesEvents/MensajeEvent.java</file>
            <file>file:/C:/Users/Vicktor/Documents/NetBeansProjects/Client/src/GUI/JComponent_Grupo.java</file>
            <file>file:/C:/Users/Vicktor/Documents/NetBeansProjects/Client/src/GUI/JComponent_Favorito.java</file>
            <file>file:/C:/Users/Vicktor/Documents/NetBeansProjects/Client/src/Exceptions/InvalidOperationException.java</file>
            <file>file:/C:/Users/Vicktor/Documents/NetBeansProjects/Client/src/Requests/AlterGrupoRequest.java</file>
            <file>file:/C:/Users/Vicktor/Documents/NetBeansProjects/Client/src/Requests/GrupoRequest.java</file>
            <file>file:/C:/Users/Vicktor/Documents/NetBeansProjects/Client/src/Requests/MensajeGrupoRequest.java</file>
            <file>file:/C:/Users/Vicktor/Documents/NetBeansProjects/Client/src/GUI_Funcion/Funcion_Principal.java</file>
            <file>file:/C:/Users/Vicktor/Documents/NetBeansProjects/Client/src/ModelsSerializables/UsuarioSerializable.java</file>
            <file>file:/C:/Users/Vicktor/Documents/NetBeansProjects/Client/src/Delegates/TransmitterAction.java</file>
            <file>file:/C:/Users/Vicktor/Documents/NetBeansProjects/Client/src/PaquetesEvents/UpdateUsuariosEvent.java</file>
        </group>
    </open-files>
</project-private>
