<?xml version="1.0" encoding="UTF-8"?>
<project-private xmlns="http://www.netbeans.org/ns/project-private/1">
    <editor-bookmarks xmlns="http://www.netbeans.org/ns/editor-bookmarks/2" lastBookmarkId="0"/>
    <open-files xmlns="http://www.netbeans.org/ns/projectui-open-files/2">
        <group>
            <file>file:/C:/Users/Vicktor/Documents/NetBeansProjects/Server/src/chat/server/database/MensajeVistoConnector.java</file>
            <file>file:/C:/Users/Vicktor/Documents/NetBeansProjects/Server/src/chat/server/database/UsuarioConnector.java</file>
            <file>file:/C:/Users/Vicktor/Documents/NetBeansProjects/Server/src/chat/server/database/MensajeConnector.java</file>
            <file>file:/C:/Users/Vicktor/Documents/NetBeansProjects/Server/src/chat/server/database/GrupoConnector.java</file>
            <file>file:/C:/Users/Vicktor/Documents/NetBeansProjects/Server/src/chat/server/database/UsuarioGrupoConnector.java</file>
            <file>file:/C:/Users/Vicktor/Documents/NetBeansProjects/Server/src/chat/server/database/AmigosConnector.java</file>
            <file>file:/C:/Users/Vicktor/Documents/NetBeansProjects/Server/src/chat/server/database/SqlConnector.java</file>
            <file>file:/C:/Users/Vicktor/Documents/NetBeansProjects/Server/src/chat/server/ChatServer.java</file>
        </group>
    </open-files>
</project-private>
