<?xml version="1.0" encoding="UTF-8"?>
<project-private xmlns="http://www.netbeans.org/ns/project-private/1">
    <editor-bookmarks xmlns="http://www.netbeans.org/ns/editor-bookmarks/2" lastBookmarkId="0"/>
    <open-files xmlns="http://www.netbeans.org/ns/projectui-open-files/2">
        <group>
            <file>file:/C:/Users/Vicktor/Documents/NetBeansProjects/Server/src/chat/server/handlers/MensajeHandler.java</file>
            <file>file:/C:/Users/Vicktor/Documents/NetBeansProjects/Server/src/chat/exceptions/JsonParserException.java</file>
            <file>file:/C:/Users/Vicktor/Documents/NetBeansProjects/Server/src/chat/paquetes/requests/GruposUsuarioRequest.java</file>
            <file>file:/C:/Users/Vicktor/Documents/NetBeansProjects/Server/src/chat/models/Usuario.java</file>
            <file>file:/C:/Users/Vicktor/Documents/NetBeansProjects/Server/src/chat/exceptions/BadRequestException.java</file>
            <file>file:/C:/Users/Vicktor/Documents/NetBeansProjects/Server/src/classes.ucls</file>
            <file>file:/C:/Users/Vicktor/Documents/NetBeansProjects/Server/src/chat/models/UsuarioGrupo.java</file>
            <file>file:/C:/Users/Vicktor/Documents/NetBeansProjects/Server/src/chat/server/vinculo/VinculoList.java</file>
            <file>file:/C:/Users/Vicktor/Documents/NetBeansProjects/Server/src/chat/paquetes/requests/MensajeRequest.java</file>
            <file>file:/C:/Users/Vicktor/Documents/NetBeansProjects/Server/src/chat/server/handlers/UsuariosHandler.java</file>
            <file>file:/C:/Users/Vicktor/Documents/NetBeansProjects/Server/src/chat/server/ChatServer.java</file>
            <file>file:/C:/Users/Vicktor/Documents/NetBeansProjects/Server/src/chat/models/Mensaje.java</file>
            <file>file:/C:/Users/Vicktor/Documents/NetBeansProjects/Server/src/sequence.useq</file>
            <file>file:/C:/Users/Vicktor/Documents/NetBeansProjects/Server/src/chat/exceptions/InvalidOperationException.java</file>
            <file>file:/C:/Users/Vicktor/Documents/NetBeansProjects/Server/src/chat/paquetes/requests/AmigoRequest.java</file>
            <file>file:/C:/Users/Vicktor/Documents/NetBeansProjects/Server/src/chat/server/handlers/RegistroHandler.java</file>
            <file>file:/C:/Users/Vicktor/Documents/NetBeansProjects/Server/src/chat/paquetes/events/UpdateGruposEvent.java</file>
            <file>file:/C:/Users/Vicktor/Documents/NetBeansProjects/Server/src/chat/server/database/UsuarioConnector.java</file>
            <file>file:/C:/Users/Vicktor/Documents/NetBeansProjects/Server/src/chat/models/Grupo.java</file>
            <file>file:/C:/Users/Vicktor/Documents/NetBeansProjects/Server/src/chat/paquetes/requests/UsuariosRequest.java</file>
            <file>file:/C:/Users/Vicktor/Documents/NetBeansProjects/Server/src/chat/paquetes/responses/GrupoResponse.java</file>
            <file>file:/C:/Users/Vicktor/Documents/NetBeansProjects/Server/src/chat/server/hilos/HiloTransmitter.java</file>
            <file>file:/C:/Users/Vicktor/Documents/NetBeansProjects/Server/src/chat/server/log/ServerLog.java</file>
            <file>file:/C:/Users/Vicktor/Documents/NetBeansProjects/Server/src/chat/server/handlers/AlterGrupoHandler.java</file>
            <file>file:/C:/Users/Vicktor/Documents/NetBeansProjects/Server/src/chat/server/hilos/HiloReceiver.java</file>
            <file>file:/C:/Users/Vicktor/Documents/NetBeansProjects/Server/src/chat/server/database/MensajeVistoConnector.java</file>
            <file>file:/C:/Users/Vicktor/Documents/NetBeansProjects/Server/src/chat/paquetes/requests/GrupoRequest.java</file>
            <file>file:/C:/Users/Vicktor/Documents/NetBeansProjects/Server/src/chat/paquetes/requests/AlterGrupoRequest.java</file>
            <file>file:/C:/Users/Vicktor/Documents/NetBeansProjects/Server/src/chat/paquetes/responses/GenericResponse.java</file>
            <file>file:/C:/Users/Vicktor/Documents/NetBeansProjects/Server/src/chat/server/handlers/ReplyGrupoHandler.java</file>
            <file>file:/C:/Users/Vicktor/Documents/NetBeansProjects/Server/src/chat/models/MensajeVisto.java</file>
            <file>file:/C:/Users/Vicktor/Documents/NetBeansProjects/Server/src/chat/server/handlers/CreateGrupoHandler.java</file>
            <file>file:/C:/Users/Vicktor/Documents/NetBeansProjects/Server/src/chat/server/handlers/MensajeGrupoHandler.java</file>
            <file>file:/C:/Users/Vicktor/Documents/NetBeansProjects/Server/src/chat/server/vinculo/Vinculo.java</file>
            <file>file:/C:/Users/Vicktor/Documents/NetBeansProjects/Server/src/chat/server/database/GrupoConnector.java</file>
            <file>file:/C:/Users/Vicktor/Documents/NetBeansProjects/Server/src/chat/paquetes/requests/LogoutRequest.java</file>
            <file>file:/C:/Users/Vicktor/Documents/NetBeansProjects/Server/src/chat/paquetes/requests/ReplyGrupoRequest.java</file>
            <file>file:/C:/Users/Vicktor/Documents/NetBeansProjects/Server/src/chat/paquetes/responses/GruposUsuarioResponse.java</file>
            <file>file:/C:/Users/Vicktor/Documents/NetBeansProjects/Server/src/chat/server/database/UsuarioGrupoConnector.java</file>
            <file>file:/C:/Users/Vicktor/Documents/NetBeansProjects/Server/src/chat/paquetes/requests/CreateGrupoRequest.java</file>
            <file>file:/C:/Users/Vicktor/Documents/NetBeansProjects/Server/src/chat/server/database/MensajeConnector.java</file>
            <file>file:/C:/Users/Vicktor/Documents/NetBeansProjects/Server/src/chat/server/handlers/LoginHandler.java</file>
            <file>file:/C:/Users/Vicktor/Documents/NetBeansProjects/Server/src/chat/server/handlers/GrupoHandler.java</file>
            <file>file:/C:/Users/Vicktor/Documents/NetBeansProjects/Server/src/chat/server/hilos/HiloFactory.java</file>
            <file>file:/C:/Users/Vicktor/Documents/NetBeansProjects/Server/src/chat/paquetes/requests/RegistroRequest.java</file>
            <file>file:/C:/Users/Vicktor/Documents/NetBeansProjects/Server/src/chat/paquetes/events/UpdateUsuariosEvent.java</file>
            <file>file:/C:/Users/Vicktor/Documents/NetBeansProjects/Server/src/chat/paquetes/models/Param.java</file>
            <file>file:/C:/Users/Vicktor/Documents/NetBeansProjects/Server/src/chat/paquetes/responses/UsuariosResponse.java</file>
            <file>file:/C:/Users/Vicktor/Documents/NetBeansProjects/Server/src/chat/paquetes/requests/MensajeGrupoRequest.java</file>
            <file>file:/C:/Users/Vicktor/Documents/NetBeansProjects/Server/src/chat/paquetes/events/UpdateGrupoEvent.java</file>
            <file>file:/C:/Users/Vicktor/Documents/NetBeansProjects/Server/src/chat/paquetes/requests/LoginRequest.java</file>
            <file>file:/C:/Users/Vicktor/Documents/NetBeansProjects/Server/src/chat/server/database/SqlConnector.java</file>
            <file>file:/C:/Users/Vicktor/Documents/NetBeansProjects/Server/src/chat/paquetes/responses/LoginResponse.java</file>
            <file>file:/C:/Users/Vicktor/Documents/NetBeansProjects/Server/src/chat/server/handlers/Handler.java</file>
            <file>file:/C:/Users/Vicktor/Documents/NetBeansProjects/Server/src/chat/server/handlers/AmigoHandler.java</file>
            <file>file:/C:/Users/Vicktor/Documents/NetBeansProjects/Server/src/chat/models/serializables/MensajeSerializable.java</file>
            <file>file:/C:/Users/Vicktor/Documents/NetBeansProjects/Server/src/chat/paquetes/models/Paquete.java</file>
            <file>file:/C:/Users/Vicktor/Documents/NetBeansProjects/Server/src/chat/json/JsonParser.java</file>
            <file>file:/C:/Users/Vicktor/Documents/NetBeansProjects/Server/src/chat/server/hilos/Hilo.java</file>
            <file>file:/C:/Users/Vicktor/Documents/NetBeansProjects/Server/src/chat/server/handlers/GruposUsuarioHandler.java</file>
            <file>file:/C:/Users/Vicktor/Documents/NetBeansProjects/Server/src/chat/server/database/AmigosConnector.java</file>
            <file>file:/C:/Users/Vicktor/Documents/NetBeansProjects/Server/src/chat/server/handlers/LogoutHandler.java</file>
            <file>file:/C:/Users/Vicktor/Documents/NetBeansProjects/Server/src/chat/models/serializables/UsuarioSerializable.java</file>
            <file>file:/C:/Users/Vicktor/Documents/NetBeansProjects/Server/src/chat/paquetes/events/MensajeEvent.java</file>
            <file>file:/C:/Users/Vicktor/Documents/NetBeansProjects/Server/src/chat/models/Amigo.java</file>
            <file>file:/C:/Users/Vicktor/Documents/NetBeansProjects/Server/src/chat/exceptions/PaqueteException.java</file>
        </group>
    </open-files>
</project-private>
